tstamp	latitude	longitude	direction	speed	trip_id
2020-10-13 05:14:52	45.656075	-122.584877	251	6.71082	170239217
2020-10-13 05:20:02	45.666307	-122.556273	70	24.60634	170239217
2020-10-13 05:20:07	45.666488	-122.555555	70	24.60634	170239217
2020-10-13 05:20:12	45.66667	-122.554845	70	24.60634	170239217
2020-10-13 05:20:17	45.666858	-122.55417	68	24.60634	170239217
2020-10-13 05:20:22	45.667018	-122.553532	70	22.3694	170239217
2020-10-13 05:20:27	45.667152	-122.552995	70	17.89552	170239217
2020-10-13 05:20:32	45.667202	-122.55279	71	4.47388	170239217
2020-10-13 05:20:42	45.667217	-122.552732	70	0	170239217
2020-10-13 05:20:47	45.667368	-122.55249	48	11.1847	170239217
2020-10-13 05:20:52	45.667742	-122.552477	1	17.89552	170239217
2020-10-13 05:20:57	45.66829	-122.552477	0	26.84328	170239217
2020-10-13 05:21:02	45.668942	-122.552478	0	31.31716	170239217
2020-10-13 05:21:07	45.669655	-122.55248	0	33.5541	170239217
2020-10-13 05:21:12	45.670368	-122.552478	0	33.5541	170239217
2020-10-13 05:21:17	45.671093	-122.552477	0	35.79104	170239217
2020-10-13 05:21:22	45.671822	-122.552473	0	35.79104	170239217
2020-10-13 05:21:27	45.67253	-122.552473	0	33.5541	170239217
2020-10-13 05:21:32	45.673255	-122.552473	0	35.79104	170239217
2020-10-13 05:21:37	45.673982	-122.552473	0	35.79104	170239217
2020-10-13 05:21:42	45.674692	-122.55247	0	33.5541	170239217
2020-10-13 05:21:47	45.675413	-122.55247	0	35.79104	170239217
2020-10-13 05:21:52	45.676145	-122.552467	0	35.79104	170239217
2020-10-13 05:21:57	45.676822	-122.552465	0	31.31716	170239217
2020-10-13 05:22:02	45.677363	-122.55246	0	24.60634	170239217
2020-10-13 05:22:07	45.677645	-122.55246	0	11.1847	170239217
2020-10-13 05:22:27	45.677692	-122.55246	0	0	170239217
2020-10-13 05:22:32	45.677967	-122.552462	0	13.42164	170239217
2020-10-13 05:22:37	45.678463	-122.552463	0	24.60634	170239217
2020-10-13 05:22:42	45.679087	-122.552465	0	31.31716	170239217
2020-10-13 05:22:47	45.679755	-122.552467	0	33.5541	170239217
2020-10-13 05:22:52	45.680435	-122.552467	0	33.5541	170239217
2020-10-13 05:22:57	45.681053	-122.552465	0	29.08022	170239217
2020-10-13 05:23:02	45.681588	-122.552465	0	24.60634	170239217
2020-10-13 05:23:07	45.68191	-122.552462	0	13.42164	170239217
2020-10-13 05:23:37	45.68205	-122.552463	0	0	170239217
2020-10-13 05:23:42	45.68244	-122.552465	0	20.13246	170239217
2020-10-13 05:23:47	45.683025	-122.552467	0	29.08022	170239217
2020-10-13 05:23:52	45.683723	-122.552468	0	33.5541	170239217
2020-10-13 05:23:57	45.684467	-122.55247	0	35.79104	170239217
2020-10-13 05:24:02	45.685205	-122.552472	0	35.79104	170239217
2020-10-13 05:24:07	45.685928	-122.55247	0	33.5541	170239217
2020-10-13 05:24:12	45.686652	-122.55247	0	35.79104	170239217
2020-10-13 05:24:17	45.687393	-122.55247	0	35.79104	170239217
2020-10-13 05:24:22	45.688138	-122.552488	359	35.79104	170239217
2020-10-13 05:24:27	45.688875	-122.552525	358	35.79104	170239217
2020-10-13 05:24:32	45.689608	-122.552583	357	31.31716	170239217
2020-10-13 05:24:37	45.690338	-122.552642	357	35.79104	170239217
2020-10-13 05:24:42	45.691043	-122.552688	357	33.5541	170239217
2020-10-13 05:24:47	45.691748	-122.552708	359	38.02798	170239217
2020-10-13 05:24:52	45.69241	-122.552712	0	29.08022	170239217
2020-10-13 05:24:57	45.693088	-122.552708	0	31.31716	170239217
2020-10-13 05:25:02	45.693775	-122.552703	0	33.5541	170239217
2020-10-13 05:25:07	45.694485	-122.5527	0	33.5541	170239217
2020-10-13 05:25:12	45.69519	-122.552693	0	33.5541	170239217
2020-10-13 05:25:17	45.695883	-122.552693	0	33.5541	170239217
2020-10-13 05:25:22	45.696587	-122.55269	0	33.5541	170239217
2020-10-13 05:25:27	45.6973	-122.552687	0	33.5541	170239217
2020-10-13 05:25:32	45.698027	-122.552682	0	35.79104	170239217
2020-10-13 05:25:37	45.698733	-122.55268	0	33.5541	170239217
2020-10-13 05:25:42	45.699435	-122.552675	0	33.5541	170239217
2020-10-13 05:25:47	45.700145	-122.552673	0	33.5541	170239217
2020-10-13 05:25:52	45.700863	-122.552667	0	35.79104	170239217
2020-10-13 05:25:57	45.701583	-122.552672	0	35.79104	170239217
2020-10-13 05:26:02	45.70231	-122.552695	359	35.79104	170239217
2020-10-13 05:26:07	45.703037	-122.552727	358	35.79104	170239217
2020-10-13 05:26:12	45.703748	-122.55274	359	33.5541	170239217
2020-10-13 05:26:17	45.704443	-122.552737	0	33.5541	170239217
2020-10-13 05:26:22	45.705135	-122.55273	0	33.5541	170239217
2020-10-13 05:26:27	45.705823	-122.552708	1	33.5541	170239217
2020-10-13 05:26:32	45.706508	-122.552653	3	33.5541	170239217
2020-10-13 05:26:37	45.707207	-122.552597	3	33.5541	170239217
2020-10-13 05:26:42	45.707917	-122.552583	1	33.5541	170239217
2020-10-13 05:26:47	45.708633	-122.552602	359	35.79104	170239217
2020-10-13 05:26:52	45.709383	-122.552608	0	35.79104	170239217
2020-10-13 05:26:57	45.710137	-122.552597	1	35.79104	170239217
2020-10-13 05:27:02	45.710892	-122.55259	0	35.79104	170239217
2020-10-13 05:27:07	45.711642	-122.55258	1	35.79104	170239217
2020-10-13 05:27:12	45.712402	-122.552572	0	35.79104	170239217
2020-10-13 05:27:17	45.713168	-122.552562	1	38.02798	170239217
2020-10-13 05:27:22	45.713918	-122.552553	0	35.79104	170239217
2020-10-13 05:27:27	45.71466	-122.552545	0	35.79104	170239217
2020-10-13 05:27:32	45.715407	-122.552533	1	35.79104	170239217
2020-10-13 05:27:37	45.716165	-122.552522	1	35.79104	170239217
2020-10-13 05:27:42	45.716917	-122.552512	1	35.79104	170239217
2020-10-13 05:27:47	45.71766	-122.5525	1	35.79104	170239217
2020-10-13 05:27:52	45.718397	-122.55249	1	35.79104	170239217
2020-10-13 05:27:57	45.719137	-122.55248	1	35.79104	170239217
2020-10-13 05:28:02	45.719888	-122.55247	1	35.79104	170239217
2020-10-13 05:28:07	45.72063	-122.552462	0	35.79104	170239217
2020-10-13 05:28:12	45.721368	-122.552452	1	35.79104	170239217
2020-10-13 05:28:17	45.722105	-122.552442	1	35.79104	170239217
2020-10-13 05:28:22	45.722838	-122.552433	0	35.79104	170239217
2020-10-13 05:28:27	45.723567	-122.552423	1	35.79104	170239217
2020-10-13 05:28:32	45.724297	-122.552417	0	35.79104	170239217
2020-10-13 05:28:37	45.725015	-122.552405	1	33.5541	170239217
2020-10-13 05:28:42	45.72574	-122.552393	1	35.79104	170239217
2020-10-13 05:28:47	45.726478	-122.552387	0	35.79104	170239217
2020-10-13 05:28:52	45.727222	-122.552377	1	35.79104	170239217
2020-10-13 05:28:57	45.72795	-122.552365	1	35.79104	170239217
2020-10-13 05:29:02	45.728675	-122.55234	1	35.79104	170239217
2020-10-13 05:29:07	45.729405	-122.552268	4	35.79104	170239217
2020-10-13 05:29:12	45.730105	-122.552145	7	33.5541	170239217
2020-10-13 05:29:17	45.73078	-122.551972	10	33.5541	170239217
2020-10-13 05:29:22	45.73139	-122.551845	8	29.08022	170239217
2020-10-13 05:29:27	45.731858	-122.55175	8	22.3694	170239217
2020-10-13 05:29:38	45.73216	-122.551687	8	6.71082	170239217
2020-10-13 05:29:43	45.732588	-122.551613	7	22.3694	170239217
2020-10-13 05:29:48	45.733192	-122.551555	4	29.08022	170239217
2020-10-13 05:29:53	45.733902	-122.551492	4	33.5541	170239217
2020-10-13 05:29:58	45.734647	-122.551452	2	35.79104	170239217
2020-10-13 05:30:03	45.735388	-122.551422	2	35.79104	170239217
2020-10-13 05:30:08	45.736143	-122.551422	0	35.79104	170239217
2020-10-13 05:30:13	45.736913	-122.551437	359	38.02798	170239217
2020-10-13 05:30:18	45.737683	-122.551448	359	38.02798	170239217
2020-10-13 05:30:23	45.738473	-122.551463	359	38.02798	170239217
2020-10-13 05:30:28	45.739307	-122.551477	359	40.26492	170239217
2020-10-13 05:30:33	45.74015	-122.551492	359	40.26492	170239217
2020-10-13 05:30:38	45.741005	-122.551503	359	42.50186	170239217
2020-10-13 05:30:43	45.74187	-122.551517	359	42.50186	170239217
2020-10-13 05:30:48	45.742747	-122.551528	359	42.50186	170239217
2020-10-13 05:30:53	45.743622	-122.55154	359	42.50186	170239217
2020-10-13 05:30:58	45.744485	-122.551537	0	42.50186	170239217
2020-10-13 05:31:03	45.745345	-122.551428	5	42.50186	170239217
2020-10-13 05:31:08	45.7462	-122.551192	11	42.50186	170239217
2020-10-13 05:31:13	45.747032	-122.550818	17	42.50186	170239217
2020-10-13 05:31:18	45.747817	-122.550328	24	42.50186	170239217
2020-10-13 05:31:23	45.748572	-122.549762	28	40.26492	170239217
2020-10-13 05:31:28	45.749322	-122.549185	28	40.26492	170239217
2020-10-13 05:31:33	45.750073	-122.548617	28	40.26492	170239217
2020-10-13 05:31:38	45.750818	-122.5481	26	40.26492	170239217
2020-10-13 05:31:43	45.751607	-122.547687	20	40.26492	170239217
2020-10-13 05:31:48	45.75244	-122.547397	14	42.50186	170239217
2020-10-13 05:31:53	45.753298	-122.547232	8	42.50186	170239217
2020-10-13 05:31:58	45.754157	-122.547185	2	42.50186	170239217
2020-10-13 05:32:03	45.755018	-122.547197	359	42.50186	170239217
2020-10-13 05:32:08	45.755862	-122.547207	0	40.26492	170239217
2020-10-13 05:32:13	45.756693	-122.547212	0	40.26492	170239217
2020-10-13 05:32:18	45.757527	-122.547218	0	40.26492	170239217
2020-10-13 05:32:23	45.75837	-122.547215	0	35.79104	170239217
2020-10-13 05:32:28	45.7592	-122.547223	0	40.26492	170239217
2020-10-13 05:32:33	45.760028	-122.54724	359	40.26492	170239217
2020-10-13 05:32:38	45.760863	-122.54725	0	44.7388	170239217
2020-10-13 05:32:43	45.761715	-122.547257	0	38.02798	170239217
2020-10-13 05:32:48	45.76258	-122.547262	0	42.50186	170239217
2020-10-13 05:32:53	45.763447	-122.54727	0	42.50186	170239217
2020-10-13 05:32:58	45.764305	-122.547282	359	40.26492	170239217
2020-10-13 05:33:03	45.765155	-122.547283	0	40.26492	170239217
2020-10-13 05:33:08	45.766003	-122.547287	0	40.26492	170239217
2020-10-13 05:33:13	45.76684	-122.54729	0	40.26492	170239217
2020-10-13 05:33:18	45.767687	-122.54729	0	40.26492	170239217
2020-10-13 05:33:23	45.76853	-122.547292	0	40.26492	170239217
2020-10-13 05:33:28	45.769375	-122.547305	359	40.26492	170239217
2020-10-13 05:33:33	45.770208	-122.547313	0	40.26492	170239217
2020-10-13 05:33:38	45.771045	-122.547327	359	40.26492	170239217
2020-10-13 05:33:43	45.771898	-122.547342	359	42.50186	170239217
2020-10-13 05:33:48	45.772767	-122.547368	359	42.50186	170239217
2020-10-13 05:33:53	45.773638	-122.547387	359	42.50186	170239217
2020-10-13 05:33:58	45.774505	-122.547398	359	42.50186	170239217
2020-10-13 05:34:03	45.775367	-122.547408	0	42.50186	170239217
2020-10-13 05:34:08	45.776212	-122.547423	359	40.26492	170239217
2020-10-13 05:34:13	45.777043	-122.547433	0	40.26492	170239217
2020-10-13 05:34:18	45.777865	-122.547442	0	40.26492	170239217
2020-10-13 05:34:23	45.778667	-122.547453	359	38.02798	170239217
2020-10-13 05:34:28	45.77941	-122.547455	0	35.79104	170239217
2020-10-13 05:34:33	45.780082	-122.547425	2	31.31716	170239217
2020-10-13 05:34:38	45.78054	-122.547423	0	20.13246	170239217
2020-10-13 05:34:43	45.780715	-122.547285	29	11.1847	170239217
2020-10-13 05:34:48	45.780715	-122.546793	90	15.65858	170239217
2020-10-13 05:34:53	45.780708	-122.546257	91	15.65858	170239217
2020-10-13 05:34:58	45.780703	-122.545988	92	6.71082	170239217
2020-10-13 05:34:59	45.780703	-122.545975	90	2.23694	170239217
2020-10-13 05:40:27	45.780712	-122.545617	88	0	170239217
2020-10-13 05:40:32	45.780722	-122.545078	88	17.89552	170239217
2020-10-13 05:40:37	45.780725	-122.544445	90	20.13246	170239217
2020-10-13 05:40:42	45.78073	-122.54379	89	22.3694	170239217
2020-10-13 05:40:47	45.780737	-122.543127	89	22.3694	170239217
2020-10-13 05:40:52	45.780743	-122.542462	89	22.3694	170239217
2020-10-13 05:40:57	45.780753	-122.541788	89	22.3694	170239217
2020-10-13 05:41:02	45.780765	-122.541113	89	22.3694	170239217
2020-10-13 05:41:07	45.780772	-122.54048	89	20.13246	170239217
2020-10-13 05:41:12	45.780782	-122.539827	89	22.3694	170239217
2020-10-13 05:41:17	45.780813	-122.539137	86	22.3694	170239217
2020-10-13 05:41:22	45.780837	-122.538458	87	22.3694	170239217
2020-10-13 05:41:27	45.780853	-122.537935	87	15.65858	170239217
2020-10-13 05:41:32	45.780857	-122.537588	89	11.1847	170239217
2020-10-13 05:41:37	45.780857	-122.537218	90	11.1847	170239217
2020-10-13 05:41:42	45.780852	-122.536787	91	13.42164	170239217
2020-10-13 05:41:47	45.780848	-122.536517	91	8.94776	170239217
2020-10-13 05:41:52	45.780847	-122.536277	91	8.94776	170239217
2020-10-13 05:41:57	45.780852	-122.535695	89	20.13246	170239217
2020-10-13 05:42:02	45.78086	-122.535075	89	20.13246	170239217
2020-10-13 05:42:07	45.780888	-122.534463	86	20.13246	170239217
2020-10-13 05:42:12	45.780895	-122.533852	89	20.13246	170239217
2020-10-13 05:42:17	45.780902	-122.533238	89	20.13246	170239217
2020-10-13 05:42:22	45.780907	-122.532635	89	20.13246	170239217
2020-10-13 05:42:27	45.780915	-122.531998	89	20.13246	170239217
2020-10-13 05:42:32	45.780922	-122.531362	89	20.13246	170239217
2020-10-13 05:42:37	45.780933	-122.530777	88	20.13246	170239217
2020-10-13 05:42:42	45.780942	-122.530252	89	17.89552	170239217
2020-10-13 05:42:47	45.780947	-122.529733	89	17.89552	170239217
2020-10-13 05:42:52	45.780953	-122.529325	89	13.42164	170239217
2020-10-13 05:42:57	45.781018	-122.529113	66	6.71082	170239217
2020-10-13 05:43:02	45.781175	-122.529097	4	6.71082	170239217
2020-10-13 05:43:12	45.781837	-122.529153	357	15.65858	170239217
2020-10-13 05:43:17	45.78226	-122.52915	0	20.13246	170239217
2020-10-13 05:43:22	45.782698	-122.52903	11	20.13246	170239217
2020-10-13 05:43:27	45.783122	-122.528858	16	20.13246	170239217
2020-10-13 05:43:32	45.783548	-122.52868	16	20.13246	170239217
2020-10-13 05:43:37	45.783995	-122.528463	19	22.3694	170239217
2020-10-13 05:43:42	45.784435	-122.528157	26	22.3694	170239217
2020-10-13 05:43:47	45.784847	-122.527777	33	22.3694	170239217
2020-10-13 05:43:52	45.785207	-122.527345	40	22.3694	170239217
2020-10-13 05:43:57	45.785522	-122.526927	43	20.13246	170239217
2020-10-13 05:44:02	45.785925	-122.526752	17	20.13246	170239217
2020-10-13 05:44:07	45.786398	-122.526748	0	22.3694	170239217
2020-10-13 05:44:12	45.786902	-122.526748	0	24.60634	170239217
2020-10-13 05:44:17	45.787385	-122.526745	0	22.3694	170239217
2020-10-13 05:44:22	45.787863	-122.526742	0	22.3694	170239217
2020-10-13 05:44:27	45.788418	-122.526728	1	26.84328	170239217
2020-10-13 05:44:32	45.78904	-122.52672	1	31.31716	170239217
2020-10-13 05:44:37	45.789715	-122.526715	0	33.5541	170239217
2020-10-13 05:44:42	45.7904	-122.526708	0	33.5541	170239217
2020-10-13 05:44:47	45.79107	-122.526707	0	31.31716	170239217
2020-10-13 05:44:52	45.791742	-122.526703	0	31.31716	170239217
2020-10-13 05:44:57	45.792393	-122.526698	0	31.31716	170239217
2020-10-13 05:45:02	45.793038	-122.526687	1	31.31716	170239217
2020-10-13 05:45:07	45.793685	-122.52668	0	31.31716	170239217
2020-10-13 05:45:12	45.79434	-122.526673	0	31.31716	170239217
2020-10-13 05:45:17	45.794982	-122.526667	0	31.31716	170239217
2020-10-13 05:45:22	45.795615	-122.526662	0	31.31716	170239217
2020-10-13 05:45:27	45.796262	-122.526667	0	31.31716	170239217
2020-10-13 05:45:33	45.797043	-122.526682	359	31.31716	170239217
2020-10-13 05:45:38	45.797687	-122.526693	359	31.31716	170239217
2020-10-13 05:45:44	45.798453	-122.526705	359	31.31716	170239217
2020-10-13 05:45:49	45.79909	-122.526717	359	31.31716	170239217
2020-10-13 05:45:54	45.79973	-122.526735	359	31.31716	170239217
2020-10-13 05:45:59	45.80037	-122.526753	359	31.31716	170239217
2020-10-13 05:46:04	45.80099	-122.526773	359	29.08022	170239217
2020-10-13 05:46:09	45.80161	-122.526787	359	29.08022	170239217
2020-10-13 05:46:14	45.80221	-122.526795	359	29.08022	170239217
2020-10-13 05:46:19	45.802785	-122.526803	359	26.84328	170239217
2020-10-13 05:46:24	45.803368	-122.526797	0	29.08022	170239217
2020-10-13 05:46:29	45.803965	-122.526808	359	29.08022	170239217
2020-10-13 05:46:34	45.80456	-122.526823	359	29.08022	170239217
2020-10-13 05:46:39	45.80514	-122.526848	358	26.84328	170239217
2020-10-13 05:46:44	45.805688	-122.526823	2	26.84328	170239217
2020-10-13 05:46:49	45.80622	-122.526535	21	26.84328	170239217
2020-10-13 05:46:54	45.806643	-122.526015	41	26.84328	170239217
2020-10-13 05:46:59	45.806982	-122.52539	52	26.84328	170239217
2020-10-13 05:47:04	45.80732	-122.524747	53	26.84328	170239217
2020-10-13 05:47:09	45.807677	-122.524118	51	26.84328	170239217
2020-10-13 05:47:14	45.808068	-122.52351	47	29.08022	170239217
2020-10-13 05:47:19	45.808468	-122.5229	47	26.84328	170239217
2020-10-13 05:47:24	45.808875	-122.522318	45	26.84328	170239217
2020-10-13 05:47:29	45.80935	-122.521902	31	26.84328	170239217
2020-10-13 05:47:34	45.809923	-122.52176	10	29.08022	170239217
2020-10-13 05:47:39	45.81054	-122.521765	0	29.08022	170239217
2020-10-13 05:47:44	45.811147	-122.52177	0	26.84328	170239217
2020-10-13 05:47:49	45.811758	-122.521775	0	29.08022	170239217
2020-10-13 05:47:54	45.812407	-122.521775	0	31.31716	170239217
2020-10-13 05:47:59	45.813045	-122.521777	0	31.31716	170239217
2020-10-13 05:48:04	45.813667	-122.521773	0	33.5541	170239217
2020-10-13 05:48:09	45.814287	-122.521772	0	26.84328	170239217
2020-10-13 05:48:14	45.8149	-122.521775	0	29.08022	170239217
2020-10-13 05:48:19	45.815508	-122.521773	0	29.08022	170239217
2020-10-13 05:48:24	45.81611	-122.521775	0	29.08022	170239217
2020-10-13 05:48:29	45.816715	-122.52178	0	29.08022	170239217
2020-10-13 05:48:34	45.817315	-122.521783	0	29.08022	170239217
2020-10-13 05:48:39	45.817903	-122.521782	0	29.08022	170239217
2020-10-13 05:48:44	45.818492	-122.521782	0	29.08022	170239217
2020-10-13 05:48:49	45.819062	-122.521782	0	26.84328	170239217
2020-10-13 05:48:54	45.819652	-122.521773	1	29.08022	170239217
2020-10-13 05:48:59	45.820242	-122.521768	0	29.08022	170239217
2020-10-13 05:49:04	45.820852	-122.521763	0	29.08022	170239217
2020-10-13 05:49:09	45.82145	-122.521765	0	29.08022	170239217
2020-10-13 05:49:14	45.822035	-122.521765	0	29.08022	170239217
2020-10-13 05:49:19	45.82263	-122.521768	0	29.08022	170239217
2020-10-13 05:49:24	45.823228	-122.521772	0	29.08022	170239217
2020-10-13 05:49:29	45.82379	-122.521735	3	26.84328	170239217
2020-10-13 05:49:34	45.824227	-122.521502	20	22.3694	170239217
2020-10-13 05:49:39	45.824518	-122.52092	54	24.60634	170239217
2020-10-13 05:49:44	45.82455	-122.5202	86	24.60634	170239217
2020-10-13 05:49:49	45.824522	-122.519458	93	24.60634	170239217
2020-10-13 05:49:54	45.824508	-122.518712	91	24.60634	170239217
2020-10-13 05:49:59	45.824493	-122.517948	92	24.60634	170239217
2020-10-13 05:50:04	45.824492	-122.517142	90	26.84328	170239217
2020-10-13 05:50:09	45.824507	-122.516285	89	29.08022	170239217
2020-10-13 05:50:14	45.824525	-122.515382	88	31.31716	170239217
2020-10-13 05:50:19	45.824537	-122.514483	89	29.08022	170239217
2020-10-13 05:50:24	45.824512	-122.51372	93	24.60634	170239217
2020-10-13 05:50:29	45.824328	-122.513047	111	24.60634	170239217
2020-10-13 05:50:34	45.823975	-122.512485	132	24.60634	170239217
2020-10-13 05:50:39	45.823617	-122.511968	135	24.60634	170239217
2020-10-13 05:50:44	45.823447	-122.511302	110	24.60634	170239217
2020-10-13 05:50:49	45.82349	-122.510578	85	24.60634	170239217
2020-10-13 05:50:54	45.823622	-122.509883	75	24.60634	170239217
2020-10-13 05:50:59	45.823753	-122.509187	75	24.60634	170239217
2020-10-13 05:51:04	45.823815	-122.50847	83	24.60634	170239217
2020-10-13 05:51:14	45.823678	-122.507798	106	11.1847	170239217
2020-10-13 05:51:18	45.823418	-122.507268	125	26.84328	170239217
2020-10-13 05:51:23	45.823115	-122.506778	132	22.3694	170239217
2020-10-13 05:51:28	45.822982	-122.506257	110	17.89552	170239217
2020-10-13 05:51:33	45.82313	-122.505727	68	17.89552	170239217
2020-10-13 05:51:38	45.823497	-122.50541	31	20.13246	170239217
2020-10-13 05:51:43	45.823925	-122.505167	22	22.3694	170239217
2020-10-13 05:51:48	45.824278	-122.504832	33	20.13246	170239217
2020-10-13 05:51:53	45.824483	-122.504347	59	17.89552	170239217
2020-10-13 05:51:58	45.824517	-122.503692	86	22.3694	170239217
2020-10-13 05:52:03	45.824525	-122.502982	89	24.60634	170239217
2020-10-13 05:52:08	45.824528	-122.50225	90	24.60634	170239217
2020-10-13 05:52:13	45.824528	-122.501497	90	24.60634	170239217
2020-10-13 05:52:18	45.824533	-122.500732	89	24.60634	170239217
2020-10-13 05:52:23	45.824535	-122.499942	90	26.84328	170239217
2020-10-13 05:52:28	45.824538	-122.499097	90	29.08022	170239217
2020-10-13 05:52:33	45.824545	-122.49824	89	29.08022	170239217
2020-10-13 05:52:38	45.824545	-122.497392	90	29.08022	170239217
2020-10-13 05:52:43	45.824547	-122.496548	90	29.08022	170239217
2020-10-13 05:52:48	45.82455	-122.495838	90	22.3694	170239217
2020-10-13 05:52:53	45.824573	-122.495507	84	8.94776	170239217
2020-10-13 05:52:58	45.824663	-122.495437	28	4.47388	170239217
2020-10-13 05:53:03	45.824905	-122.49546	356	13.42164	170239217
2020-10-13 05:53:08	45.825397	-122.495465	0	24.60634	170239217
2020-10-13 05:53:13	45.825955	-122.49548	359	26.84328	170239217
2020-10-13 05:53:18	45.826518	-122.495502	358	26.84328	170239217
2020-10-13 05:53:23	45.827088	-122.495517	359	26.84328	170239217
2020-10-13 05:53:28	45.827663	-122.495527	359	26.84328	170239217
2020-10-13 05:53:33	45.828243	-122.495533	0	26.84328	170239217
2020-10-13 05:53:38	45.828825	-122.49554	0	26.84328	170239217
2020-10-13 05:53:43	45.829407	-122.495548	359	26.84328	170239217
2020-10-13 05:53:48	45.829987	-122.495552	0	26.84328	170239217
2020-10-13 05:53:53	45.830567	-122.495557	0	26.84328	170239217
2020-10-13 05:53:58	45.831145	-122.49556	0	26.84328	170239217
2020-10-13 05:54:03	45.831712	-122.495557	0	26.84328	170239217
2020-10-13 05:54:08	45.83224	-122.495453	8	24.60634	170239217
2020-10-13 05:54:13	45.832728	-122.495303	12	22.3694	170239217
2020-10-13 05:54:18	45.833148	-122.494937	31	24.60634	170239217
2020-10-13 05:54:23	45.83351	-122.494542	37	22.3694	170239217
2020-10-13 05:54:28	45.833952	-122.49435	17	22.3694	170239217
2020-10-13 05:54:33	45.834335	-122.49432	3	17.89552	170239217
2020-10-13 05:54:38	45.834473	-122.494318	0	4.47388	170239217
2020-10-13 05:54:39	45.834477	-122.494317	0	0	170239217
2020-10-13 05:54:43	45.834542	-122.49429	16	4.47388	170239217
2020-10-13 05:54:48	45.8346	-122.494013	73	11.1847	170239217
2020-10-13 05:54:53	45.834493	-122.4934	104	22.3694	170239217
2020-10-13 05:54:58	45.83436	-122.492733	106	22.3694	170239217
2020-10-13 05:55:03	45.834242	-122.49201	103	24.60634	170239217
2020-10-13 05:55:08	45.834147	-122.491235	100	26.84328	170239217
2020-10-13 05:55:13	45.834078	-122.490455	97	26.84328	170239217
2020-10-13 05:55:18	45.834045	-122.489648	93	26.84328	170239217
2020-10-13 05:55:23	45.834043	-122.48891	90	24.60634	170239217
2020-10-13 05:55:28	45.834197	-122.48821	73	24.60634	170239217
2020-10-13 05:55:33	45.834397	-122.487553	66	20.13246	170239217
2020-10-13 05:55:38	45.834568	-122.486912	69	22.3694	170239217
2020-10-13 05:55:43	45.834617	-122.486247	84	22.3694	170239217
2020-10-13 05:55:48	45.834585	-122.485513	94	24.60634	170239217
2020-10-13 05:55:53	45.834558	-122.484718	93	26.84328	170239217
2020-10-13 05:55:58	45.834555	-122.483927	90	26.84328	170239217
2020-10-13 05:56:03	45.834628	-122.483133	82	26.84328	170239217
2020-10-13 05:56:08	45.834745	-122.482398	77	24.60634	170239217
2020-10-13 05:56:13	45.834858	-122.481683	77	24.60634	170239217
2020-10-13 05:56:18	45.834972	-122.480955	77	24.60634	170239217
2020-10-13 05:56:23	45.835105	-122.480227	75	24.60634	170239217
2020-10-13 05:56:28	45.835245	-122.479508	74	24.60634	170239217
2020-10-13 05:56:33	45.835313	-122.478765	82	24.60634	170239217
2020-10-13 05:56:38	45.835315	-122.478023	90	24.60634	170239217
2020-10-13 05:56:43	45.835308	-122.477268	91	24.60634	170239217
2020-10-13 05:56:48	45.835293	-122.476547	92	24.60634	170239217
2020-10-13 05:56:53	45.835295	-122.475825	90	24.60634	170239217
2020-10-13 05:56:58	45.835293	-122.475058	90	26.84328	170239217
2020-10-13 05:57:03	45.835285	-122.474272	91	26.84328	170239217
2020-10-13 05:57:08	45.83529	-122.47345	89	26.84328	170239217
2020-10-13 05:57:13	45.835382	-122.472587	81	29.08022	170239217
2020-10-13 05:57:18	45.835483	-122.471733	80	29.08022	170239217
2020-10-13 05:57:23	45.835618	-122.47097	76	26.84328	170239217
2020-10-13 05:57:28	45.835875	-122.470282	62	26.84328	170239217
2020-10-13 05:57:33	45.836155	-122.469607	59	26.84328	170239217
2020-10-13 05:57:38	45.83637	-122.468843	68	26.84328	170239217
2020-10-13 05:57:43	45.836537	-122.468028	74	29.08022	170239217
2020-10-13 05:57:48	45.83666	-122.467248	77	26.84328	170239217
2020-10-13 05:57:53	45.836717	-122.466453	84	26.84328	170239217
2020-10-13 05:57:58	45.836907	-122.465773	68	24.60634	170239217
2020-10-13 05:58:03	45.837267	-122.465258	45	24.60634	170239217
2020-10-13 05:58:08	45.837657	-122.464735	43	26.84328	170239217
2020-10-13 05:58:13	45.838028	-122.464163	47	26.84328	170239217
2020-10-13 05:58:18	45.838387	-122.463522	51	26.84328	170239217
2020-10-13 05:58:23	45.838702	-122.46297	51	24.60634	170239217
2020-10-13 05:58:28	45.838952	-122.462327	61	24.60634	170239217
2020-10-13 05:58:33	45.839188	-122.46164	64	24.60634	170239217
2020-10-13 05:58:38	45.839428	-122.460957	63	24.60634	170239217
2020-10-13 05:58:43	45.839672	-122.460268	63	26.84328	170239217
2020-10-13 05:58:48	45.839903	-122.459597	64	24.60634	170239217
2020-10-13 05:58:53	45.84014	-122.45893	63	24.60634	170239217
2020-10-13 05:58:58	45.840338	-122.458283	66	24.60634	170239217
2020-10-13 05:59:03	45.840495	-122.457562	73	24.60634	170239217
2020-10-13 05:59:08	45.84058	-122.456813	81	24.60634	170239217
2020-10-13 05:59:13	45.840632	-122.456013	85	26.84328	170239217
2020-10-13 05:59:18	45.840655	-122.455222	88	26.84328	170239217
2020-10-13 05:59:23	45.840658	-122.454447	90	26.84328	170239217
2020-10-13 05:59:28	45.84066	-122.453675	90	24.60634	170239217
2020-10-13 05:59:33	45.840647	-122.45292	91	24.60634	170239217
2020-10-13 05:59:38	45.840617	-122.452125	93	26.84328	170239217
2020-10-13 05:59:43	45.840608	-122.45134	91	26.84328	170239217
2020-10-13 05:59:48	45.840678	-122.45058	82	24.60634	170239217
2020-10-13 05:59:53	45.840753	-122.44987	81	24.60634	170239217
2020-10-13 05:59:58	45.840763	-122.449183	89	22.3694	170239217
2020-10-13 06:00:03	45.84075	-122.448505	92	22.3694	170239217
2020-10-13 06:00:08	45.840733	-122.447848	92	22.3694	170239217
2020-10-13 06:00:13	45.840725	-122.447188	91	22.3694	170239217
2020-10-13 06:00:18	45.840695	-122.44649	94	24.60634	170239217
2020-10-13 06:00:23	45.840585	-122.445817	103	22.3694	170239217
2020-10-13 06:00:28	45.84047	-122.445177	104	22.3694	170239217
2020-10-13 06:00:33	45.840428	-122.444513	95	22.3694	170239217
2020-10-13 06:00:38	45.84047	-122.443798	85	24.60634	170239217
2020-10-13 06:00:43	45.840573	-122.443087	78	24.60634	170239217
2020-10-13 06:00:48	45.840658	-122.442357	81	24.60634	170239217
2020-10-13 06:00:53	45.840755	-122.441633	79	24.60634	170239217
2020-10-13 06:00:58	45.840852	-122.440943	79	22.3694	170239217
2020-10-13 06:01:03	45.840987	-122.440238	75	24.60634	170239217
2020-10-13 06:01:08	45.841162	-122.43949	71	26.84328	170239217
2020-10-13 06:01:14	45.84133	-122.43855	76	26.84328	170239217
2020-10-13 06:01:29	45.841102	-122.43632	114	24.60634	170239217
2020-10-13 06:01:34	45.840942	-122.435632	108	24.60634	170239217
2020-10-13 06:01:39	45.840855	-122.434925	100	22.3694	170239217
2020-10-13 06:01:44	45.840778	-122.43429	100	22.3694	170239217
2020-10-13 06:01:49	45.840675	-122.433692	104	20.13246	170239217
2020-10-13 06:01:54	45.840542	-122.433182	111	17.89552	170239217
2020-10-13 06:01:59	45.840267	-122.432582	123	24.60634	170239217
2020-10-13 06:02:04	45.83995	-122.432008	128	24.60634	170239217
2020-10-13 06:02:09	45.839643	-122.4315	131	22.3694	170239217
2020-10-13 06:02:14	45.839447	-122.43089	115	22.3694	170239217
2020-10-13 06:02:19	45.83941	-122.430198	94	22.3694	170239217
2020-10-13 06:02:24	45.839525	-122.429517	76	22.3694	170239217
2020-10-13 06:02:29	45.839655	-122.428852	74	20.13246	170239217
2020-10-13 06:02:34	45.839795	-122.428218	72	24.60634	170239217
2020-10-13 06:02:39	45.839932	-122.42759	73	20.13246	170239217
2020-10-13 06:02:44	45.840077	-122.426948	72	22.3694	170239217
2020-10-13 06:02:49	45.840235	-122.426297	71	22.3694	170239217
2020-10-13 06:02:54	45.840423	-122.425658	67	22.3694	170239217
2020-10-13 06:02:59	45.840622	-122.425022	66	22.3694	170239217
2020-10-13 06:03:04	45.840817	-122.424362	67	24.60634	170239217
2020-10-13 06:03:09	45.840973	-122.423748	70	22.3694	170239217
2020-10-13 06:03:14	45.841072	-122.423142	77	20.13246	170239217
2020-10-13 06:03:19	45.84101	-122.422515	98	20.13246	170239217
2020-10-13 06:03:24	45.84082	-122.421902	114	22.3694	170239217
2020-10-13 06:03:29	45.840607	-122.421253	115	24.60634	170239217
2020-10-13 06:03:34	45.840362	-122.420633	120	24.60634	170239217
2020-10-13 06:03:39	45.840062	-122.420078	128	22.3694	170239217
2020-10-13 06:03:44	45.83971	-122.419593	136	22.3694	170239217
2020-10-13 06:03:49	45.839318	-122.419155	142	24.60634	170239217
2020-10-13 06:03:54	45.838945	-122.41874	142	22.3694	170239217
2020-10-13 06:03:59	45.838562	-122.418297	141	24.60634	170239217
2020-10-13 06:04:04	45.838162	-122.417838	141	24.60634	170239217
2020-10-13 06:04:09	45.837757	-122.41737	141	24.60634	170239217
2020-10-13 06:04:14	45.837383	-122.416813	134	26.84328	170239217
2020-10-13 06:04:19	45.837047	-122.416145	126	26.84328	170239217
2020-10-13 06:04:24	45.836757	-122.415353	118	29.08022	170239217
2020-10-13 06:04:29	45.836493	-122.414583	116	29.08022	170239217
2020-10-13 06:04:34	45.836235	-122.413828	116	29.08022	170239217
2020-10-13 06:04:39	45.835967	-122.413073	117	29.08022	170239217
2020-10-13 06:04:44	45.835705	-122.412338	117	26.84328	170239217
2020-10-13 06:04:49	45.83547	-122.411707	118	24.60634	170239217
2020-10-13 06:04:54	45.835285	-122.411237	119	17.89552	170239217
2020-10-13 06:04:59	45.835217	-122.411058	119	6.71082	170239217
2020-10-13 06:05:04	45.835153	-122.410897	119	6.71082	170239217
2020-10-13 06:05:09	45.834958	-122.410395	119	20.13246	170239217
2020-10-13 06:05:14	45.834708	-122.409765	120	24.60634	170239217
2020-10-13 06:05:19	45.83447	-122.409158	119	22.3694	170239217
2020-10-13 06:05:24	45.834232	-122.408543	119	24.60634	170239217
2020-10-13 06:05:29	45.833982	-122.407908	119	24.60634	170239217
2020-10-13 06:05:34	45.833728	-122.40729	120	24.60634	170239217
2020-10-13 06:05:39	45.833485	-122.406677	120	24.60634	170239217
2020-10-13 06:05:44	45.833252	-122.40605	118	22.3694	170239217
2020-10-13 06:05:49	45.833072	-122.40535	110	24.60634	170239217
2020-10-13 06:05:54	45.83297	-122.40462	101	24.60634	170239217
2020-10-13 06:05:59	45.832895	-122.40388	98	24.60634	170239217
2020-10-13 06:06:04	45.832825	-122.403157	98	24.60634	170239217
2020-10-13 06:06:09	45.832745	-122.402438	99	24.60634	170239217
2020-10-13 06:06:14	45.83266	-122.401715	100	24.60634	170239217
2020-10-13 06:06:19	45.832573	-122.40101	100	22.3694	170239217
2020-10-13 06:06:24	45.832523	-122.400327	96	22.3694	170239217
2020-10-13 06:06:29	45.832578	-122.399635	83	22.3694	170239217
2020-10-13 06:06:34	45.832702	-122.398957	75	22.3694	170239217
2020-10-13 06:06:38	45.832822	-122.398275	76	29.08022	170239217
2020-10-13 06:06:43	45.83294	-122.397578	76	24.60634	170239217
2020-10-13 06:06:48	45.83306	-122.396853	77	24.60634	170239217
2020-10-13 06:06:53	45.833185	-122.396123	76	24.60634	170239217
2020-10-13 06:06:58	45.833263	-122.395408	81	24.60634	170239217
2020-10-13 06:07:03	45.833203	-122.394728	97	22.3694	170239217
2020-10-13 06:07:08	45.833077	-122.394058	105	22.3694	170239217
2020-10-13 06:07:13	45.832952	-122.393365	105	24.60634	170239217
2020-10-13 06:07:18	45.832818	-122.392653	105	24.60634	170239217
2020-10-13 06:07:23	45.832688	-122.39192	104	24.60634	170239217
2020-10-13 06:07:28	45.83252	-122.391228	109	24.60634	170239217
2020-10-13 06:07:33	45.832255	-122.390642	123	22.3694	170239217
2020-10-13 06:07:38	45.831993	-122.39006	123	22.3694	170239217
2020-10-13 06:07:43	45.83184	-122.389468	110	20.13246	170239217
2020-10-13 06:09:23	45.831833	-122.389395	97	0	170239217
2020-10-13 06:09:28	45.831792	-122.389143	103	8.94776	170239217
2020-10-13 06:09:33	45.831792	-122.38864	90	17.89552	170239217
2020-10-13 06:09:38	45.831892	-122.388057	76	20.13246	170239217
2020-10-13 06:09:43	45.832018	-122.38748	73	20.13246	170239217
2020-10-13 06:09:48	45.83215	-122.386897	72	20.13246	170239217
2020-10-13 06:09:53	45.832302	-122.386298	70	20.13246	170239217
2020-10-13 06:09:58	45.832582	-122.385765	53	22.3694	170239217
2020-10-13 06:10:03	45.832943	-122.385432	33	20.13246	170239217
2020-10-13 06:10:08	45.83335	-122.385277	15	20.13246	170239217
2020-10-13 06:10:13	45.833785	-122.385163	10	22.3694	170239217
2020-10-13 06:10:18	45.834272	-122.385118	4	22.3694	170239217
2020-10-13 06:10:23	45.834768	-122.385087	3	24.60634	170239217
2020-10-13 06:10:28	45.835297	-122.385108	358	24.60634	170239217
2020-10-13 06:10:33	45.835818	-122.385243	350	24.60634	170239217
2020-10-13 06:10:38	45.836327	-122.385495	341	24.60634	170239217
2020-10-13 06:10:43	45.836762	-122.385873	329	24.60634	170239217
2020-10-13 06:10:48	45.837062	-122.386392	310	22.3694	170239217
2020-10-13 06:10:53	45.837338	-122.387013	303	22.3694	170239217
2020-10-13 06:10:58	45.837643	-122.387582	308	24.60634	170239217
2020-10-13 06:11:03	45.838033	-122.38805	320	24.60634	170239217
2020-10-13 06:11:08	45.838467	-122.388467	326	24.60634	170239217
2020-10-13 06:11:13	45.838918	-122.38883	331	24.60634	170239217
2020-10-13 06:11:18	45.839387	-122.389193	332	24.60634	170239217
2020-10-13 06:11:23	45.839867	-122.389548	333	26.84328	170239217
2020-10-13 06:11:28	45.840367	-122.389887	335	26.84328	170239217
2020-10-13 06:11:33	45.840888	-122.39023	335	26.84328	170239217
2020-10-13 06:11:38	45.841412	-122.39057	336	26.84328	170239217
2020-10-13 06:11:43	45.841928	-122.390917	335	26.84328	170239217
2020-10-13 06:11:48	45.842462	-122.391262	336	29.08022	170239217
2020-10-13 06:11:53	45.843003	-122.391615	336	29.08022	170239217
2020-10-13 06:11:58	45.84353	-122.391965	335	26.84328	170239217
2020-10-13 06:12:03	45.84406	-122.392312	336	29.08022	170239217
2020-10-13 06:12:08	45.844572	-122.392648	335	26.84328	170239217
2020-10-13 06:12:13	45.845062	-122.392967	336	24.60634	170239217
2020-10-13 06:12:18	45.845468	-122.393245	335	20.13246	170239217
2020-10-13 06:12:23	45.84564	-122.393525	311	11.1847	170239217
2020-10-13 06:12:28	45.845662	-122.393623	288	2.23694	170239217
2020-10-13 06:12:33	45.845847	-122.394002	305	15.65858	170239217
2020-10-13 06:12:38	45.846258	-122.39431	332	22.3694	170239217
2020-10-13 06:12:43	45.846693	-122.394583	336	22.3694	170239217
2020-10-13 06:12:48	45.847143	-122.39488	335	24.60634	170239217
2020-10-13 06:12:53	45.8476	-122.39518	335	24.60634	170239217
2020-10-13 06:12:58	45.84806	-122.395485	335	24.60634	170239217
2020-10-13 06:13:03	45.848537	-122.3958	335	24.60634	170239217
2020-10-13 06:13:08	45.849028	-122.396122	336	24.60634	170239217
2020-10-13 06:13:13	45.849528	-122.396452	335	26.84328	170239217
2020-10-13 06:13:18	45.850043	-122.39679	335	26.84328	170239217
2020-10-13 06:13:23	45.850547	-122.397118	336	26.84328	170239217
2020-10-13 06:13:28	45.851067	-122.39746	335	26.84328	170239217
2020-10-13 06:13:33	45.851607	-122.397815	335	29.08022	170239217
2020-10-13 06:13:38	45.852148	-122.398165	336	29.08022	170239217
2020-10-13 06:13:43	45.852687	-122.398515	336	29.08022	170239217
2020-10-13 06:13:48	45.853242	-122.398875	336	29.08022	170239217
2020-10-13 06:13:53	45.853812	-122.399243	336	29.08022	170239217
2020-10-13 06:13:58	45.854395	-122.399622	336	31.31716	170239217
2020-10-13 06:14:03	45.854973	-122.399998	336	31.31716	170239217
2020-10-13 06:14:08	45.855537	-122.400365	336	29.08022	170239217
2020-10-13 06:14:13	45.85608	-122.400722	335	29.08022	170239217
2020-10-13 06:14:18	45.85661	-122.401068	336	29.08022	170239217
2020-10-13 06:14:23	45.857145	-122.401418	336	29.08022	170239217
2020-10-13 06:14:28	45.857678	-122.401768	335	29.08022	170239217
2020-10-13 06:14:33	45.858203	-122.402107	336	26.84328	170239217
2020-10-13 06:14:38	45.858713	-122.402438	336	26.84328	170239217
2020-10-13 06:14:43	45.859232	-122.402777	336	26.84328	170239217
2020-10-13 06:14:48	45.859745	-122.403112	336	26.84328	170239217
2020-10-13 06:14:53	45.860207	-122.403415	335	24.60634	170239217
2020-10-13 06:14:58	45.86061	-122.403673	336	20.13246	170239217
2020-10-13 06:15:03	45.860947	-122.403892	336	17.89552	170239217
2020-10-13 06:15:08	45.861175	-122.404043	335	11.1847	170239217
2020-10-13 06:15:13	45.861418	-122.404197	336	13.42164	170239217
2020-10-13 06:15:18	45.861805	-122.404445	336	20.13246	170239217
2020-10-13 06:15:23	45.862178	-122.404682	336	20.13246	170239217
2020-10-13 06:15:28	45.862555	-122.40492	336	20.13246	170239217
2020-10-13 06:15:33	45.862912	-122.405152	336	17.89552	170239217
2020-10-13 06:15:38	45.863258	-122.40538	335	17.89552	170239217
2020-10-13 06:15:43	45.86359	-122.405598	335	15.65858	170239217
2020-10-13 06:15:48	45.863798	-122.405735	335	8.94776	170239217
2020-10-13 06:15:53	45.864053	-122.4059	336	13.42164	170239217
2020-10-13 06:15:58	45.864415	-122.406137	336	17.89552	170239217
2020-10-13 06:16:03	45.864762	-122.406365	335	17.89552	170239217
2020-10-13 06:16:08	45.865098	-122.406582	336	17.89552	170239217
2020-10-13 06:16:13	45.86546	-122.406818	336	17.89552	170239217
2020-10-13 06:16:18	45.86573	-122.406997	335	13.42164	170239217
2020-10-13 06:16:23	45.865975	-122.407155	336	13.42164	170239217
2020-10-13 06:16:28	45.86634	-122.407393	336	17.89552	170239217
2020-10-13 06:16:33	45.86663	-122.407575	336	13.42164	170239217
2020-10-13 06:16:38	45.866693	-122.407618	335	2.23694	170239217
2020-10-13 06:16:43	45.866837	-122.407748	328	8.94776	170239217
2020-10-13 06:16:48	45.866877	-122.408082	280	11.1847	170239217
2020-10-13 06:17:55	45.866855	-122.408497	266	0	170239217
2020-10-13 06:18:00	45.866843	-122.408915	268	13.42164	170239217
2020-10-13 06:18:05	45.866835	-122.40924	268	8.94776	170239217
2020-10-13 06:18:09	45.866775	-122.409363	235	4.47388	170239217
2020-10-13 06:18:15	45.866553	-122.409377	182	8.94776	170239217
2020-10-13 06:18:20	45.866278	-122.409365	178	13.42164	170239217
2020-10-13 06:18:25	45.866027	-122.409365	180	11.1847	170239217
2020-10-13 06:18:30	45.865917	-122.409323	165	4.47388	170239217
2020-10-13 06:18:35	45.865887	-122.409083	100	6.71082	170239217
2020-10-13 06:18:40	45.865895	-122.408738	88	11.1847	170239217
2020-10-13 06:18:45	45.865892	-122.408432	91	8.94776	170239217
2020-10-13 06:18:50	45.865888	-122.408102	91	11.1847	170239217
2020-10-13 06:18:55	45.865892	-122.407693	89	13.42164	170239217
2020-10-13 06:19:00	45.865892	-122.40736	90	11.1847	170239217
2020-10-13 06:19:03	45.865893	-122.4073	88	2.23694	170239217
2020-10-13 06:19:04	45.865893	-122.4073	0	2.23694	170239217
2020-10-13 06:19:05	45.865893	-122.407293	90	0	170239217
2020-10-13 06:19:10	45.865872	-122.407138	101	4.47388	170239217
2020-10-13 06:19:15	45.865738	-122.407042	153	6.71082	170239217
2020-10-13 06:19:20	45.865528	-122.406932	160	11.1847	170239217
2020-10-13 06:19:25	45.865192	-122.406713	156	17.89552	170239217
2020-10-13 06:19:30	45.864827	-122.406478	156	17.89552	170239217
2020-10-13 06:19:35	45.86446	-122.406248	156	17.89552	170239217
2020-10-13 06:19:40	45.864105	-122.406015	155	17.89552	170239217
2020-10-13 06:19:45	45.863782	-122.405805	156	15.65858	170239217
2020-10-13 06:19:50	45.863553	-122.405655	155	11.1847	170239217
2020-10-13 06:19:55	45.863177	-122.40541	156	20.13246	170239217
2020-10-13 06:20:00	45.862788	-122.40515	155	20.13246	170239217
2020-10-13 06:20:05	45.86243	-122.404918	156	17.89552	170239217
2020-10-13 06:20:10	45.862093	-122.4047	156	17.89552	170239217
2020-10-13 06:20:15	45.861713	-122.404457	156	20.13246	170239217
2020-10-13 06:20:20	45.86134	-122.40421	155	20.13246	170239217
2020-10-13 06:20:25	45.86112	-122.404067	156	11.1847	170239217
2020-10-13 06:20:30	45.860888	-122.403927	157	11.1847	170239217
2020-10-13 06:20:35	45.860477	-122.40366	156	22.3694	170239217
2020-10-13 06:20:40	45.860013	-122.403358	156	24.60634	170239217
2020-10-13 06:20:45	45.859537	-122.403043	155	24.60634	170239217
2020-10-13 06:20:50	45.85906	-122.40273	155	24.60634	170239217
2020-10-13 06:20:55	45.85859	-122.402423	156	24.60634	170239217
2020-10-13 06:21:00	45.85813	-122.402128	156	24.60634	170239217
2020-10-13 06:21:05	45.85767	-122.401827	155	24.60634	170239217
2020-10-13 06:21:10	45.857205	-122.401518	155	24.60634	170239217
2020-10-13 06:21:15	45.856723	-122.401203	156	24.60634	170239217
2020-10-13 06:21:20	45.856247	-122.400888	155	24.60634	170239217
2020-10-13 06:21:25	45.855775	-122.400583	156	24.60634	170239217
2020-10-13 06:21:30	45.855295	-122.40028	156	24.60634	170239217
2020-10-13 06:21:35	45.85482	-122.399967	155	24.60634	170239217
2020-10-13 06:21:40	45.854345	-122.399653	155	24.60634	170239217
2020-10-13 06:21:45	45.853873	-122.399342	155	24.60634	170239217
2020-10-13 06:21:50	45.853405	-122.399037	156	24.60634	170239217
2020-10-13 06:21:55	45.85291	-122.398715	156	26.84328	170239217
2020-10-13 06:22:00	45.852382	-122.39837	156	26.84328	170239217
2020-10-13 06:22:05	45.85185	-122.398025	156	26.84328	170239217
2020-10-13 06:22:10	45.851303	-122.397668	156	29.08022	170239217
2020-10-13 06:22:15	45.850762	-122.397317	156	29.08022	170239217
2020-10-13 06:22:20	45.85023	-122.39697	156	26.84328	170239217
2020-10-13 06:22:24	45.849698	-122.396625	156	35.79104	170239217
2020-10-13 06:22:29	45.849178	-122.396287	156	26.84328	170239217
2020-10-13 06:22:34	45.84865	-122.395942	156	29.08022	170239217
2020-10-13 06:22:39	45.84811	-122.395595	156	29.08022	170239217
2020-10-13 06:22:44	45.84756	-122.395238	156	29.08022	170239217
2020-10-13 06:22:49	45.847008	-122.39488	156	29.08022	170239217
2020-10-13 06:22:54	45.846483	-122.394543	156	26.84328	170239217
2020-10-13 06:22:59	45.846012	-122.394253	157	24.60634	170239217
2020-10-13 06:23:04	45.845693	-122.393967	148	17.89552	170239217
2020-10-13 06:23:09	45.845603	-122.393778	124	6.71082	170239217
2020-10-13 06:23:14	45.84559	-122.393723	109	2.23694	170239217
2020-10-13 06:23:19	45.845497	-122.393407	113	11.1847	170239217
2020-10-13 06:23:24	45.845207	-122.393113	145	17.89552	170239217
2020-10-13 06:23:29	45.844782	-122.392833	155	22.3694	170239217
2020-10-13 06:23:34	45.844313	-122.39253	156	24.60634	170239217
2020-10-13 06:23:39	45.84384	-122.392222	156	24.60634	170239217
2020-10-13 06:23:44	45.84335	-122.3919	155	24.60634	170239217
2020-10-13 06:23:49	45.842857	-122.391573	155	26.84328	170239217
2020-10-13 06:23:54	45.842375	-122.391253	155	24.60634	170239217
2020-10-13 06:23:59	45.841898	-122.390942	156	24.60634	170239217
2020-10-13 06:24:04	45.841422	-122.390625	155	24.60634	170239217
2020-10-13 06:24:09	45.840937	-122.390303	155	26.84328	170239217
2020-10-13 06:24:14	45.840447	-122.389987	156	24.60634	170239217
2020-10-13 06:24:19	45.839962	-122.38966	155	24.60634	170239217
2020-10-13 06:24:24	45.839482	-122.389317	154	24.60634	170239217
2020-10-13 06:24:29	45.839023	-122.388965	152	24.60634	170239217
2020-10-13 06:24:34	45.838575	-122.38861	151	24.60634	170239217
2020-10-13 06:24:39	45.83815	-122.388227	148	24.60634	170239217
2020-10-13 06:24:44	45.837752	-122.387797	143	24.60634	170239217
2020-10-13 06:24:49	45.837412	-122.387265	133	24.60634	170239217
2020-10-13 06:24:54	45.837147	-122.38664	121	24.60634	170239217
2020-10-13 06:24:59	45.83687	-122.386067	125	22.3694	170239217
2020-10-13 06:25:04	45.836525	-122.38561	137	22.3694	170239217
2020-10-13 06:25:09	45.836112	-122.385323	154	22.3694	170239217
2020-10-13 06:25:14	45.835673	-122.385162	166	20.13246	170239217
2020-10-13 06:25:19	45.835248	-122.38509	173	20.13246	170239217
2020-10-13 06:25:24	45.834812	-122.385097	181	20.13246	170239217
2020-10-13 06:25:29	45.834393	-122.38513	183	20.13246	170239217
2020-10-13 06:25:34	45.833993	-122.38517	184	20.13246	170239217
2020-10-13 06:25:39	45.833585	-122.385267	189	20.13246	170239217
2020-10-13 06:25:44	45.83314	-122.38542	194	22.3694	170239217
2020-10-13 06:25:49	45.832747	-122.385652	202	20.13246	170239217
2020-10-13 06:25:54	45.832432	-122.386082	224	20.13246	170239217
2020-10-13 06:25:59	45.832235	-122.386657	244	20.13246	170239217
2020-10-13 06:26:04	45.832113	-122.387237	253	20.13246	170239217
2020-10-13 06:26:09	45.83201	-122.387767	254	17.89552	170239217
2020-10-13 06:26:14	45.831903	-122.388303	254	15.65858	170239217
2020-10-13 06:26:19	45.831828	-122.388873	259	22.3694	170239217
2020-10-13 06:26:24	45.831858	-122.389415	275	15.65858	170239217
2020-10-13 06:26:29	45.83199	-122.389973	289	20.13246	170239217
2020-10-13 06:26:34	45.832197	-122.390508	299	17.89552	170239217
2020-10-13 06:26:39	45.832462	-122.390977	309	20.13246	170239217
2020-10-13 06:26:44	45.832632	-122.391572	292	22.3694	170239217
2020-10-13 06:26:49	45.83276	-122.392225	286	22.3694	170239217
2020-10-13 06:26:54	45.832878	-122.392877	285	22.3694	170239217
2020-10-13 06:27:02	45.832995	-122.393528	284	13.42164	170239217
2020-10-13 06:27:07	45.83312	-122.394205	285	22.3694	170239217
2020-10-13 06:27:12	45.833247	-122.394885	285	24.60634	170239217
2020-10-13 06:27:17	45.833307	-122.395575	277	22.3694	170239217
2020-10-13 06:27:22	45.833223	-122.396268	260	22.3694	170239217
2020-10-13 06:27:27	45.833103	-122.396947	256	22.3694	170239217
2020-10-13 06:27:32	45.83298	-122.397627	255	22.3694	170239217
2020-10-13 06:27:37	45.832862	-122.39831	256	22.3694	170239217
2020-10-13 06:27:42	45.832747	-122.398965	256	22.3694	170239217
2020-10-13 06:27:47	45.832632	-122.399618	256	22.3694	170239217
2020-10-13 06:27:52	45.832548	-122.40027	260	22.3694	170239217
2020-10-13 06:27:57	45.832582	-122.400925	274	22.3694	170239217
2020-10-13 06:28:02	45.832655	-122.401553	280	22.3694	170239217
2020-10-13 06:28:07	45.83273	-122.402185	280	20.13246	170239217
2020-10-13 06:28:12	45.832797	-122.40284	278	22.3694	170239217
2020-10-13 06:28:17	45.832862	-122.403492	278	22.3694	170239217
2020-10-13 06:28:22	45.832927	-122.404142	278	22.3694	170239217
2020-10-13 06:28:27	45.832997	-122.404795	279	22.3694	170239217
2020-10-13 06:28:32	45.833102	-122.405437	283	22.3694	170239217
2020-10-13 06:28:37	45.833255	-122.406043	290	22.3694	170239217
2020-10-13 06:28:42	45.833468	-122.406615	298	22.3694	170239217
2020-10-13 06:28:47	45.8337	-122.407172	301	22.3694	170239217
2020-10-13 06:28:52	45.833923	-122.40773	300	20.13246	170239217
2020-10-13 06:28:57	45.834153	-122.408292	300	22.3694	170239217
2020-10-13 06:29:02	45.834382	-122.408855	300	22.3694	170239217
2020-10-13 06:29:07	45.834602	-122.409407	300	20.13246	170239217
2020-10-13 06:29:12	45.834813	-122.40994	300	20.13246	170239217
2020-10-13 06:29:17	45.834958	-122.4103	300	13.42164	170239217
2020-10-13 06:29:22	45.834995	-122.410387	301	2.23694	170239217
2020-10-13 06:29:27	45.835067	-122.410578	298	6.71082	170239217
2020-10-13 06:29:32	45.83527	-122.411072	301	20.13246	170239217
2020-10-13 06:29:37	45.835497	-122.411648	299	22.3694	170239217
2020-10-13 06:29:42	45.835718	-122.412227	299	22.3694	170239217
2020-10-13 06:29:47	45.835945	-122.412838	298	22.3694	170239217
2020-10-13 06:29:52	45.83618	-122.41349	297	24.60634	170239217
2020-10-13 06:29:57	45.836417	-122.414153	297	24.60634	170239217
2020-10-13 06:30:02	45.836668	-122.414862	297	26.84328	170239217
2020-10-13 06:30:07	45.83692	-122.415608	296	26.84328	170239217
2020-10-13 06:30:12	45.83718	-122.416298	298	26.84328	170239217
2020-10-13 06:30:17	45.837493	-122.416937	305	26.84328	170239217
2020-10-13 06:30:22	45.837907	-122.417507	316	26.84328	170239217
2020-10-13 06:30:27	45.838353	-122.418003	322	26.84328	170239217
2020-10-13 06:30:32	45.838795	-122.418477	323	26.84328	170239217
2020-10-13 06:30:37	45.839222	-122.418947	322	26.84328	170239217
2020-10-13 06:30:42	45.839645	-122.41943	322	26.84328	170239217
2020-10-13 06:30:47	45.84005	-122.419932	319	24.60634	170239217
2020-10-13 06:30:52	45.840392	-122.420528	309	24.60634	170239217
2020-10-13 06:30:57	45.840643	-122.421213	298	24.60634	170239217
2020-10-13 06:31:02	45.840858	-122.421898	294	24.60634	170239217
2020-10-13 06:31:07	45.841053	-122.422583	292	24.60634	170239217
2020-10-13 06:31:12	45.841115	-122.423268	277	22.3694	170239217
2020-10-13 06:31:17	45.840983	-122.423982	255	24.60634	170239217
2020-10-13 06:31:22	45.840783	-122.424665	247	24.60634	170239217
2020-10-13 06:31:27	45.840582	-122.42533	246	24.60634	170239217
2020-10-13 06:31:32	45.840382	-122.426015	247	24.60634	170239217
2020-10-13 06:31:37	45.840185	-122.426727	248	24.60634	170239217
2020-10-13 06:31:42	45.840013	-122.427443	251	24.60634	170239217
2020-10-13 06:31:47	45.83987	-122.428165	254	24.60634	170239217
2020-10-13 06:31:52	45.839722	-122.428872	253	24.60634	170239217
2020-10-13 06:31:57	45.839577	-122.429573	253	24.60634	170239217
2020-10-13 06:32:02	45.839463	-122.430238	256	22.3694	170239217
2020-10-13 06:32:08	45.839533	-122.431093	277	24.60634	170239217
2020-10-13 06:32:13	45.839768	-122.431707	299	22.3694	170239217
2020-10-13 06:32:18	45.840082	-122.432217	311	22.3694	170239217
2020-10-13 06:32:24	45.840417	-122.432853	307	22.3694	170239217
2020-10-13 06:32:29	45.840662	-122.433433	301	22.3694	170239217
2020-10-13 06:32:34	45.840808	-122.434077	288	22.3694	170239217
2020-10-13 06:32:39	45.840897	-122.434752	281	22.3694	170239217
2020-10-13 06:32:44	45.840968	-122.435428	279	22.3694	170239217
2020-10-13 06:32:49	45.84107	-122.436093	282	22.3694	170239217
2020-10-13 06:32:54	45.841247	-122.436733	292	22.3694	170239217
2020-10-13 06:32:59	45.841422	-122.437322	293	22.3694	170239217
2020-10-13 06:33:04	45.841457	-122.437985	274	22.3694	170239217
2020-10-13 06:33:09	45.841383	-122.438655	261	22.3694	170239217
2020-10-13 06:33:14	45.841268	-122.439333	256	22.3694	170239217
2020-10-13 06:33:19	45.84111	-122.440007	251	24.60634	170239217
2020-10-13 06:33:24	45.840942	-122.440688	250	24.60634	170239217
2020-10-13 06:33:29	45.840817	-122.4414	256	24.60634	170239217
2020-10-13 06:33:34	45.840707	-122.442143	258	24.60634	170239217
2020-10-13 06:33:39	45.84062	-122.442883	260	24.60634	170239217
2020-10-13 06:33:44	45.840515	-122.443552	257	22.3694	170239217
2020-10-13 06:33:49	45.840433	-122.444223	260	22.3694	170239217
2020-10-13 06:33:54	45.840437	-122.444918	270	22.3694	170239217
2020-10-13 06:33:59	45.840533	-122.44562	281	22.3694	170239217
2020-10-13 06:34:04	45.84069	-122.44634	287	26.84328	170239217
2020-10-13 06:34:09	45.840768	-122.447082	279	24.60634	170239217
2020-10-13 06:34:14	45.840793	-122.447777	273	20.13246	170239217
2020-10-13 06:34:19	45.840795	-122.448438	270	22.3694	170239217
2020-10-13 06:34:24	45.840812	-122.449123	272	22.3694	170239217
2020-10-13 06:34:29	45.840803	-122.449805	269	22.3694	170239217
2020-10-13 06:34:34	45.840743	-122.450498	263	22.3694	170239217
2020-10-13 06:34:39	45.840667	-122.451242	262	24.60634	170239217
2020-10-13 06:34:44	45.84065	-122.451977	268	24.60634	170239217
2020-10-13 06:34:49	45.840683	-122.45267	274	22.3694	170239217
2020-10-13 06:34:54	45.840693	-122.453368	271	22.3694	170239217
2020-10-13 06:34:59	45.840695	-122.454085	270	24.60634	170239217
2020-10-13 06:35:04	45.840695	-122.45479	270	24.60634	170239217
2020-10-13 06:35:09	45.84069	-122.455493	269	22.3694	170239217
2020-10-13 06:35:14	45.840658	-122.45622	266	24.60634	170239217
2020-10-13 06:35:19	45.840598	-122.456968	263	24.60634	170239217
2020-10-13 06:35:24	45.840507	-122.457692	260	24.60634	170239217
2020-10-13 06:35:29	45.840348	-122.458385	252	24.60634	170239217
2020-10-13 06:35:34	45.840145	-122.45901	245	22.3694	170239217
2020-10-13 06:35:38	45.83992	-122.45967	244	31.31716	170239217
2020-10-13 06:35:43	45.83969	-122.46033	243	24.60634	170239217
2020-10-13 06:35:48	45.83945	-122.461008	243	24.60634	170239217
2020-10-13 06:35:53	45.83922	-122.461655	243	24.60634	170239217
2020-10-13 06:35:59	45.838992	-122.462295	243	20.13246	170239217
2020-10-13 06:36:03	45.838747	-122.462952	242	31.31716	170239217
2020-10-13 06:36:08	45.838425	-122.463523	231	24.60634	170239217
2020-10-13 06:36:13	45.83807	-122.464162	231	26.84328	170239217
2020-10-13 06:36:18	45.837685	-122.464752	227	26.84328	170239217
2020-10-13 06:36:23	45.837268	-122.46531	223	26.84328	170239217
2020-10-13 06:36:28	45.836897	-122.465887	227	26.84328	170239217
2020-10-13 06:36:33	45.83675	-122.466602	254	24.60634	170239217
2020-10-13 06:36:38	45.836702	-122.467377	265	26.84328	170239217
2020-10-13 06:36:43	45.836578	-122.468155	257	26.84328	170239217
2020-10-13 06:36:48	45.836415	-122.468932	253	26.84328	170239217
2020-10-13 06:36:53	45.836212	-122.469653	248	26.84328	170239217
2020-10-13 06:36:58	45.835937	-122.470327	240	26.84328	170239217
2020-10-13 06:37:03	45.835657	-122.470998	239	26.84328	170239217
2020-10-13 06:37:08	45.835518	-122.471727	255	24.60634	170239217
2020-10-13 06:37:13	45.83543	-122.472453	260	24.60634	170239217
2020-10-13 06:37:18	45.835347	-122.473145	260	22.3694	170239217
2020-10-13 06:37:23	45.835308	-122.47384	265	22.3694	170239217
2020-10-13 06:37:28	45.835312	-122.474528	270	22.3694	170239217
2020-10-13 06:37:33	45.83532	-122.475233	271	24.60634	170239217
2020-10-13 06:37:38	45.835327	-122.475947	271	24.60634	170239217
2020-10-13 06:37:43	45.835328	-122.476672	270	24.60634	170239217
2020-10-13 06:37:48	45.835328	-122.47738	270	24.60634	170239217
2020-10-13 06:37:53	45.835338	-122.478112	271	24.60634	170239217
2020-10-13 06:37:58	45.835335	-122.478838	270	24.60634	170239217
2020-10-13 06:38:03	45.835262	-122.479547	262	24.60634	170239217
2020-10-13 06:38:08	45.835133	-122.48026	256	24.60634	170239217
2020-10-13 06:38:13	45.835	-122.480975	255	24.60634	170239217
2020-10-13 06:38:18	45.834895	-122.481693	258	24.60634	170239217
2020-10-13 06:38:23	45.834787	-122.482393	257	24.60634	170239217
2020-10-13 06:38:28	45.83467	-122.483103	257	24.60634	170239217
2020-10-13 06:38:33	45.834595	-122.48382	261	24.60634	170239217
2020-10-13 06:38:38	45.834595	-122.484562	270	24.60634	170239217
2020-10-13 06:38:43	45.834612	-122.485288	272	24.60634	170239217
2020-10-13 06:38:48	45.834642	-122.485992	274	22.3694	170239217
2020-10-13 06:38:53	45.834628	-122.486682	268	22.3694	170239217
2020-10-13 06:38:58	45.834488	-122.487333	253	22.3694	170239217
2020-10-13 06:39:03	45.83429	-122.487962	246	22.3694	170239217
2020-10-13 06:39:08	45.834102	-122.488632	248	24.60634	170239217
2020-10-13 06:39:13	45.83406	-122.489348	265	24.60634	170239217
2020-10-13 06:39:18	45.834092	-122.490055	274	24.60634	170239217
2020-10-13 06:39:23	45.834137	-122.490738	275	22.3694	170239217
2020-10-13 06:39:28	45.834193	-122.491448	277	24.60634	170239217
2020-10-13 06:39:33	45.834292	-122.492167	281	24.60634	170239217
2020-10-13 06:39:38	45.834405	-122.492852	283	22.3694	170239217
2020-10-13 06:39:43	45.834522	-122.493483	285	22.3694	170239217
2020-10-13 06:39:48	45.83459	-122.493997	281	15.65858	170239217
2020-10-13 06:39:53	45.834597	-122.49421	273	4.47388	170239217
2020-10-13 06:39:54	45.834597	-122.49421	0	0	170239217
2020-10-13 06:39:55	45.834597	-122.49421	0	2.23694	170239217
2020-10-13 06:39:58	45.834585	-122.494305	260	6.71082	170239217
2020-10-13 06:40:03	45.834395	-122.494417	202	11.1847	170239217
2020-10-13 06:40:08	45.834043	-122.49443	182	15.65858	170239217
2020-10-13 06:40:13	45.833625	-122.494577	194	20.13246	170239217
2020-10-13 06:40:18	45.833263	-122.494947	215	20.13246	170239217
2020-10-13 06:40:23	45.832955	-122.495302	219	17.89552	170239217
2020-10-13 06:40:28	45.832572	-122.495512	201	20.13246	170239217
2020-10-13 06:40:33	45.8321	-122.49562	189	22.3694	170239217
2020-10-13 06:40:38	45.831622	-122.495673	184	22.3694	170239217
2020-10-13 06:40:43	45.831105	-122.495672	180	24.60634	170239217
2020-10-13 06:40:48	45.83055	-122.495662	179	26.84328	170239217
2020-10-13 06:40:53	45.829937	-122.495642	179	29.08022	170239217
2020-10-13 06:40:58	45.829325	-122.495628	179	29.08022	170239217
2020-10-13 06:41:03	45.828733	-122.495623	180	29.08022	170239217
2020-10-13 06:41:08	45.828152	-122.495617	180	26.84328	170239217
2020-10-13 06:41:13	45.827553	-122.495612	180	29.08022	170239217
2020-10-13 06:41:18	45.826947	-122.495603	179	29.08022	170239217
2020-10-13 06:41:23	45.826348	-122.4956	180	29.08022	170239217
2020-10-13 06:41:28	45.825758	-122.495602	180	29.08022	170239217
2020-10-13 06:41:33	45.825192	-122.495602	180	26.84328	170239217
2020-10-13 06:41:38	45.824747	-122.495603	180	20.13246	170239217
2020-10-13 06:41:43	45.824603	-122.495607	181	4.47388	170239217
2020-10-13 06:41:44	45.824603	-122.495607	0	0	170239217
2020-10-13 06:41:45	45.824603	-122.495607	0	0	170239217
2020-10-13 06:41:48	45.82456	-122.495623	195	4.47388	170239217
2020-10-13 06:41:53	45.824522	-122.495852	256	8.94776	170239217
2020-10-13 06:41:58	45.824533	-122.496445	272	20.13246	170239217
2020-10-13 06:42:03	45.824538	-122.497197	271	24.60634	170239217
2020-10-13 06:42:08	45.824543	-122.49798	271	26.84328	170239217
2020-10-13 06:42:13	45.824543	-122.498825	270	24.60634	170239217
2020-10-13 06:42:18	45.824545	-122.499673	270	29.08022	170239217
2020-10-13 06:42:23	45.824547	-122.500527	270	31.31716	170239217
2020-10-13 06:42:28	45.824547	-122.501378	270	24.60634	170239217
2020-10-13 06:42:33	45.824548	-122.502235	270	29.08022	170239217
2020-10-13 06:42:38	45.82455	-122.503087	270	29.08022	170239217
2020-10-13 06:42:43	45.824547	-122.503903	270	26.84328	170239217
2020-10-13 06:42:48	45.824417	-122.50464	256	24.60634	170239217
2020-10-13 06:42:53	45.824018	-122.50514	221	24.60634	170239217
2020-10-13 06:42:58	45.82353	-122.50541	201	24.60634	170239217
2020-10-13 06:43:03	45.823127	-122.50574	210	22.3694	170239217
2020-10-13 06:43:08	45.822957	-122.506278	246	20.13246	170239217
2020-10-13 06:43:13	45.823143	-122.506863	295	22.3694	170239217
2020-10-13 06:43:18	45.82348	-122.507417	311	24.60634	170239217
2020-10-13 06:43:23	45.823707	-122.508108	295	26.84328	170239217
2020-10-13 06:43:28	45.823755	-122.508898	275	26.84328	170239217
2020-10-13 06:43:33	45.823628	-122.509705	257	26.84328	170239217
2020-10-13 06:43:38	45.823493	-122.510523	257	29.08022	170239217
2020-10-13 06:43:43	45.823453	-122.511295	266	26.84328	170239217
2020-10-13 06:43:48	45.82368	-122.512007	295	24.60634	170239217
2020-10-13 06:43:53	45.82408	-122.512593	314	26.84328	170239217
2020-10-13 06:43:58	45.824437	-122.51326	308	26.84328	170239217
2020-10-13 06:44:03	45.824573	-122.51402	284	26.84328	170239217
2020-10-13 06:44:08	45.824565	-122.514803	269	26.84328	170239217
2020-10-13 06:44:13	45.824562	-122.515575	270	26.84328	170239217
2020-10-13 06:44:18	45.824563	-122.51637	270	26.84328	170239217
2020-10-13 06:44:23	45.824558	-122.517178	269	26.84328	170239217
2020-10-13 06:44:28	45.824567	-122.517992	271	26.84328	170239217
2020-10-13 06:44:33	45.824573	-122.518795	271	26.84328	170239217
2020-10-13 06:44:38	45.824577	-122.5196	270	26.84328	170239217
2020-10-13 06:44:43	45.824593	-122.52042	272	26.84328	170239217
2020-10-13 06:44:48	45.824435	-122.521198	254	26.84328	170239217
2020-10-13 06:44:53	45.824013	-122.521717	221	26.84328	170239217
2020-10-13 06:44:58	45.823435	-122.521803	186	29.08022	170239217
2020-10-13 06:45:03	45.822853	-122.52175	176	29.08022	170239217
2020-10-13 06:45:08	45.822303	-122.521743	180	26.84328	170239217
2020-10-13 06:45:13	45.821732	-122.521737	180	26.84328	170239217
2020-10-13 06:45:18	45.821103	-122.521735	180	31.31716	170239217
2020-10-13 06:45:23	45.820447	-122.521777	183	31.31716	170239217
2020-10-13 06:45:28	45.819797	-122.521792	181	31.31716	170239217
2020-10-13 06:45:33	45.819155	-122.52181	181	31.31716	170239217
2020-10-13 06:45:38	45.818522	-122.521817	180	31.31716	170239217
2020-10-13 06:45:43	45.817922	-122.521822	180	29.08022	170239217
2020-10-13 06:45:48	45.817298	-122.521818	180	29.08022	170239217
2020-10-13 06:45:53	45.816652	-122.521817	180	31.31716	170239217
2020-10-13 06:45:58	45.81599	-122.52181	180	31.31716	170239217
2020-10-13 06:46:03	45.81531	-122.521807	180	33.5541	170239217
2020-10-13 06:46:08	45.814647	-122.521807	180	31.31716	170239217
2020-10-13 06:46:13	45.813998	-122.521803	180	31.31716	170239217
2020-10-13 06:46:18	45.813373	-122.521807	180	29.08022	170239217
2020-10-13 06:46:23	45.812752	-122.521803	180	29.08022	170239217
2020-10-13 06:46:28	45.812125	-122.521803	180	29.08022	170239217
2020-10-13 06:46:33	45.811498	-122.521805	180	29.08022	170239217
2020-10-13 06:46:38	45.810893	-122.521802	180	29.08022	170239217
2020-10-13 06:46:43	45.810292	-122.5218	180	29.08022	170239217
2020-10-13 06:46:48	45.809722	-122.521827	182	26.84328	170239217
2020-10-13 06:46:53	45.809187	-122.522063	197	26.84328	170239217
2020-10-13 06:46:58	45.808733	-122.522563	218	26.84328	170239217
2020-10-13 06:47:03	45.808338	-122.523165	227	26.84328	170239217
2020-10-13 06:47:08	45.807955	-122.523755	227	26.84328	170239217
2020-10-13 06:47:13	45.80758	-122.524352	228	26.84328	170239217
2020-10-13 06:47:18	45.807222	-122.525008	232	29.08022	170239217
2020-10-13 06:47:23	45.806875	-122.525657	233	26.84328	170239217
2020-10-13 06:47:28	45.806505	-122.526265	229	26.84328	170239217
2020-10-13 06:47:33	45.806047	-122.526717	214	26.84328	170239217
2020-10-13 06:47:38	45.805503	-122.526908	194	26.84328	170239217
2020-10-13 06:47:43	45.804898	-122.526905	180	29.08022	170239217
2020-10-13 06:47:48	45.804273	-122.526877	178	29.08022	170239217
2020-10-13 06:47:53	45.803667	-122.526857	179	29.08022	170239217
2020-10-13 06:47:58	45.803048	-122.526852	180	29.08022	170239217
2020-10-13 06:48:03	45.802433	-122.526857	180	29.08022	170239217
2020-10-13 06:48:08	45.801798	-122.526838	179	31.31716	170239217
2020-10-13 06:48:13	45.801148	-122.526825	179	31.31716	170239217
2020-10-13 06:48:18	45.800512	-122.526807	179	31.31716	170239217
2020-10-13 06:48:23	45.799852	-122.526782	178	31.31716	170239217
2020-10-13 06:48:28	45.799225	-122.526762	179	29.08022	170239217
2020-10-13 06:48:33	45.79865	-122.52674	178	26.84328	170239217
2020-10-13 06:48:38	45.798108	-122.526733	180	26.84328	170239217
2020-10-13 06:48:44	45.7974	-122.526723	179	29.08022	170239217
2020-10-13 06:48:50	45.796687	-122.526712	179	29.08022	170239217
2020-10-13 06:48:55	45.796098	-122.526698	179	26.84328	170239217
2020-10-13 06:49:00	45.79551	-122.526695	180	29.08022	170239217
2020-10-13 06:49:05	45.79489	-122.526702	180	29.08022	170239217
2020-10-13 06:49:09	45.794393	-122.526707	180	29.08022	170239217
2020-10-13 06:49:15	45.793647	-122.526715	180	29.08022	170239217
2020-10-13 06:49:20	45.793022	-122.526725	181	29.08022	170239217
2020-10-13 06:49:25	45.792355	-122.526737	181	31.31716	170239217
2020-10-13 06:49:30	45.791668	-122.526743	180	33.5541	170239217
2020-10-13 06:49:35	45.790985	-122.526757	181	33.5541	170239217
2020-10-13 06:49:40	45.790328	-122.526763	180	31.31716	170239217
2020-10-13 06:49:45	45.789682	-122.526777	181	31.31716	170239217
2020-10-13 06:49:50	45.789082	-122.526782	180	29.08022	170239217
2020-10-13 06:49:55	45.788528	-122.526793	181	26.84328	170239217
2020-10-13 06:50:00	45.788022	-122.52681	181	24.60634	170239217
2020-10-13 06:50:05	45.78755	-122.526818	181	22.3694	170239217
2020-10-13 06:50:10	45.78707	-122.526827	181	22.3694	170239217
2020-10-13 06:50:15	45.786562	-122.526837	181	24.60634	170239217
2020-10-13 06:50:20	45.786057	-122.526843	181	24.60634	170239217
2020-10-13 06:50:25	45.785615	-122.526923	187	17.89552	170239217
2020-10-13 06:50:30	45.78526	-122.52734	219	22.3694	170239217
2020-10-13 06:50:35	45.784912	-122.527777	221	22.3694	170239217
2020-10-13 06:50:40	45.784528	-122.528157	215	22.3694	170239217
2020-10-13 06:50:45	45.784112	-122.528467	207	22.3694	170239217
2020-10-13 06:50:50	45.783677	-122.528698	200	22.3694	170239217
2020-10-13 06:50:55	45.78324	-122.528883	196	22.3694	170239217
2020-10-13 06:51:00	45.782817	-122.529062	196	20.13246	170239217
2020-10-13 06:51:05	45.78239	-122.529213	194	20.13246	170239217
2020-10-13 06:51:10	45.781982	-122.529247	183	20.13246	170239217
2020-10-13 06:51:15	45.781597	-122.529237	179	17.89552	170239217
2020-10-13 06:51:20	45.781265	-122.529227	179	15.65858	170239217
2020-10-13 06:51:25	45.781132	-122.529222	179	4.47388	170239217
2020-10-13 06:51:29	45.781055	-122.52922	179	4.47388	170239217
2020-10-13 06:51:30	45.781055	-122.52922	0	0	170239217
2020-10-13 06:51:35	45.780955	-122.529188	168	4.47388	170239217
2020-10-13 06:51:40	45.780903	-122.528995	111	4.47388	170239217
2020-10-13 06:51:44	45.780902	-122.528742	91	11.1847	170239217
2020-10-13 06:51:50	45.780645	-122.528532	150	11.1847	170239217
2020-10-13 06:51:55	45.780273	-122.528435	170	17.89552	170239217
2020-10-13 06:51:59	45.779857	-122.52829	166	24.60634	170239217
2020-10-13 06:52:05	45.779452	-122.528128	164	15.65858	170239217
2020-10-13 06:52:09	45.779035	-122.528018	170	24.60634	170239217
2020-10-13 05:14:57	45.656032	-122.585125	256	6.71082	170239217
2020-10-13 05:15:02	45.656087	-122.585367	288	8.94776	170239217
2020-10-13 05:15:07	45.656238	-122.58537	359	6.71082	170239217
2020-10-13 05:15:13	45.656278	-122.5851	78	6.71082	170239217
2020-10-13 05:15:18	45.656285	-122.584877	88	6.71082	170239217
2020-10-13 05:15:23	45.656302	-122.584672	83	6.71082	170239217
2020-10-13 05:15:28	45.656333	-122.584448	79	6.71082	170239217
2020-10-13 05:15:33	45.656363	-122.584218	79	6.71082	170239217
2020-10-13 05:15:38	45.656313	-122.584015	109	6.71082	170239217
2020-10-13 05:15:43	45.656165	-122.583933	159	6.71082	170239217
2020-10-13 05:15:48	45.656122	-122.58393	177	2.23694	170239217
2020-10-13 05:15:52	45.656032	-122.58382	139	8.94776	170239217
2020-10-13 05:15:58	45.656137	-122.583143	77	20.13246	170239217
2020-10-13 05:16:03	45.656237	-122.582527	77	20.13246	170239217
2020-10-13 05:16:08	45.656348	-122.581905	76	20.13246	170239217
2020-10-13 05:16:13	45.656513	-122.581318	68	20.13246	170239217
2020-10-13 05:16:18	45.656682	-122.580748	67	20.13246	170239217
2020-10-13 05:16:23	45.656847	-122.580192	67	20.13246	170239217
2020-10-13 05:16:28	45.657043	-122.579662	62	17.89552	170239217
2020-10-13 05:16:33	45.657358	-122.579285	40	20.13246	170239217
2020-10-13 05:16:38	45.657745	-122.57913	16	20.13246	170239217
2020-10-13 05:16:43	45.658073	-122.579117	2	15.65858	170239217
2020-10-13 05:16:48	45.658168	-122.579108	4	2.23694	170239217
2020-10-13 05:16:53	45.658258	-122.579048	25	4.47388	170239217
2020-10-13 05:16:58	45.658263	-122.578697	89	11.1847	170239217
2020-10-13 05:17:03	45.658208	-122.578128	98	20.13246	170239217
2020-10-13 05:17:08	45.658167	-122.577468	95	22.3694	170239217
2020-10-13 05:17:13	45.65812	-122.576875	96	20.13246	170239217
2020-10-13 05:17:18	45.657942	-122.576362	116	20.13246	170239217
2020-10-13 05:17:23	45.657698	-122.575978	132	15.65858	170239217
2020-10-13 05:17:28	45.657583	-122.575807	134	6.71082	170239217
2020-10-13 05:17:33	45.657488	-122.57558	121	8.94776	170239217
2020-10-13 05:17:38	45.657665	-122.575253	52	11.1847	170239217
2020-10-13 05:17:43	45.658047	-122.574855	36	22.3694	170239217
2020-10-13 05:17:48	45.658475	-122.57434	40	26.84328	170239217
2020-10-13 05:17:53	45.658915	-122.573768	42	29.08022	170239217
2020-10-13 05:17:58	45.659363	-122.573127	45	29.08022	170239217
2020-10-13 05:18:03	45.659803	-122.572432	48	31.31716	170239217
2020-10-13 05:18:08	45.660228	-122.571683	51	31.31716	170239217
2020-10-13 05:18:13	45.660628	-122.570908	54	31.31716	170239217
2020-10-13 05:18:18	45.660987	-122.570178	55	29.08022	170239217
2020-10-13 05:18:23	45.661298	-122.569482	57	26.84328	170239217
2020-10-13 05:18:28	45.661598	-122.568823	57	26.84328	170239217
2020-10-13 05:18:33	45.661917	-122.568193	54	26.84328	170239217
2020-10-13 05:18:38	45.662232	-122.567557	55	26.84328	170239217
2020-10-13 05:18:43	45.66254	-122.566923	55	26.84328	170239217
2020-10-13 05:18:48	45.662848	-122.566263	56	26.84328	170239217
2020-10-13 05:18:53	45.663148	-122.565622	56	26.84328	170239217
2020-10-13 05:18:58	45.663435	-122.564962	58	26.84328	170239217
2020-10-13 05:19:03	45.663683	-122.564323	61	24.60634	170239217
2020-10-13 05:19:08	45.663937	-122.563677	61	24.60634	170239217
2020-10-13 05:19:13	45.664188	-122.563025	61	24.60634	170239217
2020-10-13 05:19:18	45.66444	-122.56239	60	24.60634	170239217
2020-10-13 05:19:23	45.664682	-122.561808	59	22.3694	170239217
2020-10-13 05:19:28	45.664943	-122.56121	58	24.60634	170239217
2020-10-13 05:19:33	45.66519	-122.560582	61	24.60634	170239217
2020-10-13 05:19:38	45.665417	-122.559895	65	24.60634	170239217
2020-10-13 05:19:43	45.665618	-122.559177	68	26.84328	170239217
2020-10-13 05:19:48	45.665785	-122.558442	72	24.60634	170239217
2020-10-13 05:19:52	45.665948	-122.557715	72	31.31716	170239217
2020-10-13 05:19:57	45.666128	-122.556993	70	26.84328	170239217
(1066 rows)
